# hostname;interval;timestamp;DEV;tps;rkB/s;wkB/s;dkB/s;areq-sz;aqu-sz;await;%util
harvester2;60;2021-12-28 09:37:20;loop0;0.00;0.00;0.00;0.00;0.00;0.00;0.00;0.00
harvester2;60;2021-12-28 09:37:20;loop1;0.00;0.00;0.00;0.00;0.00;0.00;0.00;0.00
harvester2;60;2021-12-28 09:37:20;loop2;0.00;0.00;0.00;0.00;0.00;0.00;0.00;0.00
harvester2;60;2021-12-28 09:37:20;loop3;0.00;0.00;0.00;0.00;0.00;0.00;0.00;0.00
harvester2;60;2021-12-28 09:37:20;loop4;0.00;0.00;0.00;0.00;0.00;0.00;0.00;0.00
harvester2;60;2021-12-28 09:37:20;loop5;0.00;0.00;0.00;0.00;0.00;0.00;0.00;0.00
harvester2;60;2021-12-28 09:37:20;loop6;0.00;0.00;0.00;0.00;0.00;0.00;0.00;0.00
harvester2;60;2021-12-28 09:37:20;loop7;0.00;0.00;0.00;0.00;0.00;0.00;0.00;0.00
harvester2;60;2021-12-28 09:37:20;loop8;0.00;0.00;0.00;0.00;0.00;0.00;0.00;0.00
harvester2;60;2021-12-28 09:37:20;sdb;235.80;15027.16;4194.33;0.00;81.52;1.54;6.52;79.96
harvester2;60;2021-12-28 09:37:20;sdb1;0.00;0.00;0.00;0.00;0.00;0.00;0.00;0.00
harvester2;60;2021-12-28 09:37:20;sdb2;235.70;15027.13;4194.33;0.00;81.55;1.54;6.52;79.96
harvester2;60;2021-12-28 09:37:20;sda;0.00;0.00;0.00;0.00;0.00;0.00;0.00;0.00
harvester2;60;2021-12-28 09:37:20;scd0;0.00;0.00;0.00;0.00;0.00;0.00;0.00;0.00
harvester2;60;2021-12-28 09:38:20;loop0;0.00;0.00;0.00;0.00;0.00;0.00;0.00;0.00
harvester2;60;2021-12-28 09:38:20;loop1;0.00;0.00;0.00;0.00;0.00;0.00;0.00;0.00
harvester2;60;2021-12-28 09:38:20;loop2;0.00;0.00;0.00;0.00;0.00;0.00;0.00;0.00
harvester2;60;2021-12-28 09:38:20;loop3;0.00;0.00;0.00;0.00;0.00;0.00;0.00;0.00
harvester2;60;2021-12-28 09:38:20;loop4;0.00;0.00;0.00;0.00;0.00;0.00;0.00;0.00
harvester2;60;2021-12-28 09:38:20;loop5;0.00;0.00;0.00;0.00;0.00;0.00;0.00;0.00
harvester2;60;2021-12-28 09:38:20;loop6;0.00;0.00;0.00;0.00;0.00;0.00;0.00;0.00
harvester2;60;2021-12-28 09:38:20;loop7;0.00;0.00;0.00;0.00;0.00;0.00;0.00;0.00
harvester2;60;2021-12-28 09:38:20;loop8;0.00;0.00;0.00;0.00;0.00;0.00;0.00;0.00
harvester2;60;2021-12-28 09:38:20;sdb;198.37;7549.93;12086.47;0.00;98.99;1.99;10.02;100.00
harvester2;60;2021-12-28 09:38:20;sdb1;0.00;0.00;0.00;0.00;0.00;0.00;0.00;0.00
harvester2;60;2021-12-28 09:38:20;sdb2;198.37;7549.93;12086.47;0.00;98.99;1.99;10.02;100.00
harvester2;60;2021-12-28 09:38:20;sda;0.00;0.00;0.00;0.00;0.00;0.00;0.00;0.00
harvester2;60;2021-12-28 09:38:20;scd0;0.00;0.00;0.00;0.00;0.00;0.00;0.00;0.00
