# hostname,interval,timestamp,IFACE,rxpck/s,txpck/s,rxkB/s,txkB/s,rxcmp/s,txcmp/s,rxmcst/s,%ifutil
harvester2,60,2022-01-10 08:14:09,lo,0.03,0.03,0.00,0.00,0.00,0.00,0.00,0.00
harvester2,60,2022-01-10 08:14:09,eth0,3.97,4.00,0.33,2.59,0.00,0.00,1.02,0.00
harvester2,60,2022-01-10 08:14:09,wlan0,0.00,0.00,0.00,0.00,0.00,0.00,0.00,0.00
harvester2,60,2022-01-10 08:15:09,lo,0.00,0.00,0.00,0.00,0.00,0.00,0.00,0.00
harvester2,60,2022-01-10 08:15:09,eth0,3.95,3.68,0.35,2.52,0.00,0.00,1.10,0.00
harvester2,60,2022-01-10 08:15:09,wlan0,0.00,0.00,0.00,0.00,0.00,0.00,0.00,0.00
harvester2,60,2022-01-10 08:16:09,lo,0.00,0.00,0.00,0.00,0.00,0.00,0.00,0.00
harvester2,60,2022-01-10 08:16:09,eth0,4.05,3.65,0.35,2.51,0.00,0.00,1.05,0.00
harvester2,60,2022-01-10 08:16:09,wlan0,0.00,0.00,0.00,0.00,0.00,0.00,0.00,0.00
harvester2,60,2022-01-10 08:17:09,lo,0.00,0.00,0.00,0.00,0.00,0.00,0.00,0.00
harvester2,60,2022-01-10 08:17:09,eth0,3.90,3.68,0.33,2.52,0.00,0.00,1.03,0.00
harvester2,60,2022-01-10 08:17:09,wlan0,0.00,0.00,0.00,0.00,0.00,0.00,0.00,0.00
harvester2,60,2022-01-10 08:18:09,lo,0.00,0.00,0.00,0.00,0.00,0.00,0.00,0.00
harvester2,60,2022-01-10 08:18:09,eth0,4.00,3.60,0.35,2.51,0.00,0.00,1.03,0.00
harvester2,60,2022-01-10 08:18:09,wlan0,0.00,0.00,0.00,0.00,0.00,0.00,0.00,0.00
harvester2,60,2022-01-10 08:19:09,lo,0.00,0.00,0.00,0.00,0.00,0.00,0.00,0.00
harvester2,60,2022-01-10 08:19:09,eth0,3.87,3.63,0.33,2.51,0.00,0.00,1.05,0.00
harvester2,60,2022-01-10 08:19:09,wlan0,0.00,0.00,0.00,0.00,0.00,0.00,0.00,0.00
harvester2,60,2022-01-10 08:20:09,lo,0.00,0.00,0.00,0.00,0.00,0.00,0.00,0.00
harvester2,60,2022-01-10 08:20:09,eth0,4.03,3.62,0.37,2.51,0.00,0.00,1.10,0.00
harvester2,60,2022-01-10 08:20:09,wlan0,0.00,0.00,0.00,0.00,0.00,0.00,0.00,0.00
harvester2,60,2022-01-10 08:21:09,lo,0.00,0.00,0.00,0.00,0.00,0.00,0.00,0.00
harvester2,60,2022-01-10 08:21:09,eth0,3.95,3.58,0.35,2.51,0.00,0.00,1.10,0.00
harvester2,60,2022-01-10 08:21:09,wlan0,0.00,0.00,0.00,0.00,0.00,0.00,0.00,0.00
harvester2,60,2022-01-10 08:22:09,lo,0.00,0.00,0.00,0.00,0.00,0.00,0.00,0.00
harvester2,60,2022-01-10 08:22:09,eth0,4.03,3.58,0.35,2.51,0.00,0.00,1.03,0.00
harvester2,60,2022-01-10 08:22:09,wlan0,0.00,0.00,0.00,0.00,0.00,0.00,0.00,0.00
harvester2,60,2022-01-10 08:23:09,lo,0.00,0.00,0.00,0.00,0.00,0.00,0.00,0.00
harvester2,60,2022-01-10 08:23:09,eth0,3.97,3.63,0.35,2.51,0.00,0.00,1.07,0.00
harvester2,60,2022-01-10 08:23:09,wlan0,0.00,0.00,0.00,0.00,0.00,0.00,0.00,0.00
harvester2,60,2022-01-10 08:24:09,lo,0.00,0.00,0.00,0.00,0.00,0.00,0.00,0.00
harvester2,60,2022-01-10 08:24:09,eth0,3.88,3.62,0.34,2.51,0.00,0.00,1.10,0.00
harvester2,60,2022-01-10 08:24:09,wlan0,0.00,0.00,0.00,0.00,0.00,0.00,0.00,0.00
harvester2,60,2022-01-10 08:25:09,lo,0.00,0.00,0.00,0.00,0.00,0.00,0.00,0.00
harvester2,60,2022-01-10 08:25:09,eth0,4.02,3.75,0.36,2.55,0.00,0.00,1.05,0.00
harvester2,60,2022-01-10 08:25:09,wlan0,0.00,0.00,0.00,0.00,0.00,0.00,0.00,0.00
harvester2,60,2022-01-10 08:26:09,lo,0.00,0.00,0.00,0.00,0.00,0.00,0.00,0.00
harvester2,60,2022-01-10 08:26:09,eth0,3.82,3.63,0.33,2.51,0.00,0.00,1.07,0.00
harvester2,60,2022-01-10 08:26:09,wlan0,0.00,0.00,0.00,0.00,0.00,0.00,0.00,0.00
harvester2,60,2022-01-10 08:27:09,lo,0.00,0.00,0.00,0.00,0.00,0.00,0.00,0.00
harvester2,60,2022-01-10 08:27:09,eth0,3.83,3.62,0.32,2.51,0.00,0.00,1.00,0.00
harvester2,60,2022-01-10 08:27:09,wlan0,0.00,0.00,0.00,0.00,0.00,0.00,0.00,0.00
harvester2,60,2022-01-10 08:28:09,lo,0.00,0.00,0.00,0.00,0.00,0.00,0.00,0.00
harvester2,60,2022-01-10 08:28:09,eth0,3.97,3.67,0.35,2.52,0.00,0.00,1.13,0.00
harvester2,60,2022-01-10 08:28:09,wlan0,0.00,0.00,0.00,0.00,0.00,0.00,0.00,0.00
harvester2,60,2022-01-10 08:29:09,lo,0.10,0.10,0.01,0.01,0.00,0.00,0.00,0.00
harvester2,60,2022-01-10 08:29:09,eth0,4.50,4.47,0.38,2.78,0.00,0.00,1.05,0.00
harvester2,60,2022-01-10 08:29:09,wlan0,0.00,0.00,0.00,0.00,0.00,0.00,0.00,0.00
harvester2,60,2022-01-10 08:30:09,lo,1.73,1.73,0.37,0.37,0.00,0.00,0.00,0.00
harvester2,60,2022-01-10 08:30:09,eth0,4.15,4.08,0.40,2.71,0.00,0.00,1.03,0.00
harvester2,60,2022-01-10 08:30:09,wlan0,0.00,0.00,0.00,0.00,0.00,0.00,0.00,0.00
harvester2,60,2022-01-10 08:31:09,lo,0.03,0.03,0.00,0.00,0.00,0.00,0.00,0.00
harvester2,60,2022-01-10 08:31:09,eth0,3.93,3.63,0.36,2.57,0.00,0.00,1.03,0.00
harvester2,60,2022-01-10 08:31:09,wlan0,0.00,0.00,0.00,0.00,0.00,0.00,0.00,0.00
harvester2,60,2022-01-10 08:32:09,lo,0.00,0.00,0.00,0.00,0.00,0.00,0.00,0.00
harvester2,60,2022-01-10 08:32:09,eth0,3.82,3.33,0.35,2.50,0.00,0.00,1.03,0.00
harvester2,60,2022-01-10 08:32:09,wlan0,0.00,0.00,0.00,0.00,0.00,0.00,0.00,0.00
harvester2,60,2022-01-10 08:33:09,lo,6.80,6.80,5.30,5.30,0.00,0.00,0.00,0.00
harvester2,60,2022-01-10 08:33:09,eth0,18.58,22.33,6.89,6.90,0.00,0.00,1.12,0.01
harvester2,60,2022-01-10 08:33:09,wlan0,0.00,0.00,0.00,0.00,0.00,0.00,0.00,0.00
harvester2,60,2022-01-10 08:34:09,lo,1.57,1.57,1.60,1.60,0.00,0.00,0.00,0.00
harvester2,60,2022-01-10 08:34:09,eth0,145.03,62.57,198.75,7.07,0.00,0.00,1.07,0.16
harvester2,60,2022-01-10 08:34:09,wlan0,0.00,0.00,0.00,0.00,0.00,0.00,0.00,0.00
harvester2,60,2022-01-10 08:35:09,lo,1.77,1.77,1.86,1.86,0.00,0.00,0.00,0.00
harvester2,60,2022-01-10 08:35:09,eth0,13.75,11.32,10.14,3.81,0.00,0.00,1.05,0.01
harvester2,60,2022-01-10 08:35:09,wlan0,0.00,0.00,0.00,0.00,0.00,0.00,0.00,0.00
harvester2,60,2022-01-10 08:36:09,lo,1.03,1.03,1.38,1.38,0.00,0.00,0.00,0.00
harvester2,60,2022-01-10 08:36:09,eth0,9.55,10.72,3.04,3.74,0.00,0.00,1.05,0.00
harvester2,60,2022-01-10 08:36:09,wlan0,0.00,0.00,0.00,0.00,0.00,0.00,0.00,0.00
harvester2,60,2022-01-10 08:37:09,lo,1.20,1.20,1.88,1.88,0.00,0.00,0.00,0.00
harvester2,60,2022-01-10 08:37:09,eth0,178.10,67.67,241.21,8.43,0.00,0.00,1.12,0.20
harvester2,60,2022-01-10 08:37:09,wlan0,0.00,0.00,0.00,0.00,0.00,0.00,0.00,0.00
harvester2,60,2022-01-10 08:38:09,lo,1.10,1.10,1.66,1.66,0.00,0.00,0.00,0.00
harvester2,60,2022-01-10 08:38:09,eth0,110.02,195.35,10.82,266.17,0.00,0.00,1.00,0.22
harvester2,60,2022-01-10 08:38:09,wlan0,0.00,0.00,0.00,0.00,0.00,0.00,0.00,0.00
harvester2,60,2022-01-10 08:39:09,lo,0.77,0.77,1.23,1.23,0.00,0.00,0.00,0.00
harvester2,60,2022-01-10 08:39:09,eth0,50.63,27.37,59.64,4.55,0.00,0.00,1.08,0.05
harvester2,60,2022-01-10 08:39:09,wlan0,0.00,0.00,0.00,0.00,0.00,0.00,0.00,0.00
harvester2,60,2022-01-10 08:40:09,lo,0.68,0.68,1.12,1.12,0.00,0.00,0.00,0.00
harvester2,60,2022-01-10 08:40:09,eth0,29.28,14.88,31.94,3.49,0.00,0.00,1.03,0.03
harvester2,60,2022-01-10 08:40:09,wlan0,0.00,0.00,0.00,0.00,0.00,0.00,0.00,0.00
harvester2,60,2022-01-10 08:41:09,lo,0.63,0.63,0.95,0.95,0.00,0.00,0.00,0.00
harvester2,60,2022-01-10 08:41:09,eth0,21.60,12.33,20.81,3.28,0.00,0.00,1.12,0.02
harvester2,60,2022-01-10 08:41:09,wlan0,0.00,0.00,0.00,0.00,0.00,0.00,0.00,0.00
harvester2,60,2022-01-10 08:42:09,lo,0.73,0.73,1.17,1.17,0.00,0.00,0.00,0.00
harvester2,60,2022-01-10 08:42:09,eth0,35.98,13.40,40.48,3.32,0.00,0.00,1.03,0.03
harvester2,60,2022-01-10 08:42:09,wlan0,0.00,0.00,0.00,0.00,0.00,0.00,0.00,0.00
harvester2,60,2022-01-10 08:43:09,lo,0.70,0.70,1.21,1.21,0.00,0.00,0.00,0.00
harvester2,60,2022-01-10 08:43:09,eth0,40.15,20.68,46.28,3.77,0.00,0.00,1.02,0.04
harvester2,60,2022-01-10 08:43:09,wlan0,0.00,0.00,0.00,0.00,0.00,0.00,0.00,0.00
harvester2,60,2022-01-10 08:44:09,lo,1.40,1.40,2.52,2.52,0.00,0.00,0.00,0.00
harvester2,60,2022-01-10 08:44:09,eth0,33.70,15.28,35.65,3.69,0.00,0.00,1.03,0.03
harvester2,60,2022-01-10 08:44:09,wlan0,0.00,0.00,0.00,0.00,0.00,0.00,0.00,0.00
harvester2,60,2022-01-10 08:45:09,lo,1.00,1.00,1.83,1.83,0.00,0.00,0.00,0.00
harvester2,60,2022-01-10 08:45:09,eth0,32.68,17.10,35.49,3.82,0.00,0.00,1.03,0.03
harvester2,60,2022-01-10 08:45:09,wlan0,0.00,0.00,0.00,0.00,0.00,0.00,0.00,0.00
harvester2,60,2022-01-10 08:46:09,lo,0.70,0.70,1.40,1.40,0.00,0.00,0.00,0.00
harvester2,60,2022-01-10 08:46:09,eth0,27.95,15.20,29.52,3.51,0.00,0.00,1.10,0.02
harvester2,60,2022-01-10 08:46:09,wlan0,0.00,0.00,0.00,0.00,0.00,0.00,0.00,0.00
harvester2,60,2022-01-10 08:47:09,lo,0.83,0.83,1.34,1.34,0.00,0.00,0.00,0.00
harvester2,60,2022-01-10 08:47:09,eth0,26.18,11.97,27.35,3.25,0.00,0.00,1.07,0.02
harvester2,60,2022-01-10 08:47:09,wlan0,0.00,0.00,0.00,0.00,0.00,0.00,0.00,0.00
harvester2,60,2022-01-10 08:48:09,lo,0.67,0.67,1.26,1.26,0.00,0.00,0.00,0.00
harvester2,60,2022-01-10 08:48:09,eth0,30.28,17.63,32.34,3.57,0.00,0.00,1.00,0.03
harvester2,60,2022-01-10 08:48:09,wlan0,0.00,0.00,0.00,0.00,0.00,0.00,0.00,0.00
harvester2,60,2022-01-10 08:49:09,lo,0.60,0.60,1.10,1.10,0.00,0.00,0.00,0.00
harvester2,60,2022-01-10 08:49:09,eth0,24.05,19.42,24.64,3.79,0.00,0.00,1.10,0.02
harvester2,60,2022-01-10 08:49:09,wlan0,0.00,0.00,0.00,0.00,0.00,0.00,0.00,0.00
harvester2,60,2022-01-10 08:50:09,lo,0.53,0.53,0.93,0.93,0.00,0.00,0.00,0.00
harvester2,60,2022-01-10 08:50:09,eth0,25.20,14.83,24.68,3.41,0.00,0.00,1.12,0.02
harvester2,60,2022-01-10 08:50:09,wlan0,0.00,0.00,0.00,0.00,0.00,0.00,0.00,0.00
harvester2,60,2022-01-10 08:51:09,lo,0.50,0.50,0.86,0.86,0.00,0.00,0.00,0.00
harvester2,60,2022-01-10 08:51:09,eth0,42.75,20.80,48.18,3.69,0.00,0.00,1.08,0.04
harvester2,60,2022-01-10 08:51:09,wlan0,0.00,0.00,0.00,0.00,0.00,0.00,0.00,0.00
harvester2,60,2022-01-10 08:52:09,lo,0.37,0.37,0.64,0.64,0.00,0.00,0.00,0.00
harvester2,60,2022-01-10 08:52:09,eth0,25.27,13.12,23.62,3.18,0.00,0.00,1.07,0.02
harvester2,60,2022-01-10 08:52:09,wlan0,0.00,0.00,0.00,0.00,0.00,0.00,0.00,0.00
harvester2,60,2022-01-10 08:53:09,lo,0.57,0.57,1.07,1.07,0.00,0.00,0.00,0.00
harvester2,60,2022-01-10 08:53:09,eth0,32.68,20.03,33.97,3.66,0.00,0.00,1.02,0.03
harvester2,60,2022-01-10 08:53:09,wlan0,0.00,0.00,0.00,0.00,0.00,0.00,0.00,0.00
harvester2,60,2022-01-10 08:54:09,lo,0.57,0.57,1.01,1.01,0.00,0.00,0.00,0.00
harvester2,60,2022-01-10 08:54:09,eth0,42.27,23.18,46.39,3.88,0.00,0.00,1.15,0.04
harvester2,60,2022-01-10 08:54:09,wlan0,0.00,0.00,0.00,0.00,0.00,0.00,0.00,0.00
harvester2,60,2022-01-10 08:55:09,lo,0.77,0.77,1.40,1.40,0.00,0.00,0.00,0.00
harvester2,60,2022-01-10 08:55:09,eth0,46.32,19.92,52.04,3.70,0.00,0.00,1.07,0.04
harvester2,60,2022-01-10 08:55:09,wlan0,0.00,0.00,0.00,0.00,0.00,0.00,0.00,0.00
harvester2,60,2022-01-10 08:56:09,lo,0.33,0.33,0.57,0.57,0.00,0.00,0.00,0.00
harvester2,60,2022-01-10 08:56:09,eth0,18.33,13.47,10.93,3.18,0.00,0.00,1.18,0.01
harvester2,60,2022-01-10 08:56:09,wlan0,0.00,0.00,0.00,0.00,0.00,0.00,0.00,0.00
harvester2,60,2022-01-10 08:57:09,lo,0.77,0.77,1.65,1.65,0.00,0.00,0.00,0.00
harvester2,60,2022-01-10 08:57:09,eth0,26.62,18.88,22.72,3.73,0.00,0.00,1.07,0.02
harvester2,60,2022-01-10 08:57:09,wlan0,0.00,0.00,0.00,0.00,0.00,0.00,0.00,0.00
harvester2,60,2022-01-10 08:58:09,lo,0.53,0.53,0.92,0.92,0.00,0.00,0.00,0.00
harvester2,60,2022-01-10 08:58:09,eth0,40.73,20.95,44.67,3.63,0.00,0.00,1.10,0.04
harvester2,60,2022-01-10 08:58:09,wlan0,0.00,0.00,0.00,0.00,0.00,0.00,0.00,0.00
harvester2,60,2022-01-10 08:59:09,lo,0.53,0.53,1.02,1.02,0.00,0.00,0.00,0.00
harvester2,60,2022-01-10 08:59:09,eth0,22.82,18.07,18.31,3.57,0.00,0.00,1.22,0.01
harvester2,60,2022-01-10 08:59:09,wlan0,0.00,0.00,0.00,0.00,0.00,0.00,0.00,0.00
harvester2,60,2022-01-10 09:00:09,lo,0.80,0.80,1.52,1.52,0.00,0.00,0.00,0.00
harvester2,60,2022-01-10 09:00:09,eth0,55.05,25.35,63.89,4.07,0.00,0.00,1.07,0.05
harvester2,60,2022-01-10 09:00:09,wlan0,0.00,0.00,0.00,0.00,0.00,0.00,0.00,0.00
harvester2,60,2022-01-10 09:01:09,lo,0.73,0.73,1.56,1.56,0.00,0.00,0.00,0.00
harvester2,60,2022-01-10 09:01:09,eth0,93.08,34.90,119.71,4.53,0.00,0.00,1.00,0.10
harvester2,60,2022-01-10 09:01:09,wlan0,0.00,0.00,0.00,0.00,0.00,0.00,0.00,0.00
harvester2,60,2022-01-10 09:02:09,lo,0.60,0.60,1.20,1.20,0.00,0.00,0.00,0.00
harvester2,60,2022-01-10 09:02:09,eth0,32.88,17.52,33.27,3.51,0.00,0.00,1.12,0.03
harvester2,60,2022-01-10 09:02:09,wlan0,0.00,0.00,0.00,0.00,0.00,0.00,0.00,0.00
harvester2,60,2022-01-10 09:03:09,lo,0.87,0.87,1.55,1.55,0.00,0.00,0.00,0.00
harvester2,60,2022-01-10 09:03:09,eth0,38.68,16.42,39.80,3.57,0.00,0.00,1.07,0.03
harvester2,60,2022-01-10 09:03:09,wlan0,0.00,0.00,0.00,0.00,0.00,0.00,0.00,0.00
harvester2,60,2022-01-10 09:04:09,lo,0.73,0.73,1.60,1.60,0.00,0.00,0.00,0.00
harvester2,60,2022-01-10 09:04:09,eth0,33.68,17.02,32.42,3.59,0.00,0.00,1.03,0.03
harvester2,60,2022-01-10 09:04:09,wlan0,0.00,0.00,0.00,0.00,0.00,0.00,0.00,0.00
harvester2,60,2022-01-10 09:05:09,lo,0.57,0.57,1.36,1.36,0.00,0.00,0.00,0.00
harvester2,60,2022-01-10 09:05:09,eth0,51.40,23.33,57.82,3.82,0.00,0.00,1.05,0.05
harvester2,60,2022-01-10 09:05:09,wlan0,0.00,0.00,0.00,0.00,0.00,0.00,0.00,0.00
harvester2,60,2022-01-10 09:06:09,lo,0.70,0.70,1.47,1.47,0.00,0.00,0.00,0.00
harvester2,60,2022-01-10 09:06:09,eth0,36.22,23.63,33.26,3.91,0.00,0.00,1.02,0.03
harvester2,60,2022-01-10 09:06:09,wlan0,0.00,0.00,0.00,0.00,0.00,0.00,0.00,0.00
harvester2,60,2022-01-10 09:07:09,lo,0.47,0.47,0.98,0.98,0.00,0.00,0.00,0.00
harvester2,60,2022-01-10 09:07:09,eth0,34.60,18.45,35.16,3.55,0.00,0.00,1.12,0.03
harvester2,60,2022-01-10 09:07:09,wlan0,0.00,0.00,0.00,0.00,0.00,0.00,0.00,0.00
harvester2,60,2022-01-10 09:08:09,lo,0.53,0.53,1.29,1.29,0.00,0.00,0.00,0.00
harvester2,60,2022-01-10 09:08:09,eth0,71.38,30.12,87.48,4.30,0.00,0.00,1.03,0.07
harvester2,60,2022-01-10 09:08:09,wlan0,0.00,0.00,0.00,0.00,0.00,0.00,0.00,0.00
harvester2,60,2022-01-10 09:09:09,lo,0.73,0.73,1.66,1.66,0.00,0.00,0.00,0.00
harvester2,60,2022-01-10 09:09:09,eth0,12.57,11.48,2.24,3.21,0.00,0.00,1.52,0.00
harvester2,60,2022-01-10 09:09:09,wlan0,0.00,0.00,0.00,0.00,0.00,0.00,0.00,0.00
harvester2,60,2022-01-10 09:10:09,lo,1.33,1.33,2.24,2.24,0.00,0.00,0.00,0.00
harvester2,60,2022-01-10 09:10:09,eth0,81.05,40.27,98.47,4.99,0.00,0.00,1.63,0.08
harvester2,60,2022-01-10 09:10:09,wlan0,0.00,0.00,0.00,0.00,0.00,0.00,0.00,0.00
harvester2,60,2022-01-10 09:11:09,lo,0.57,0.57,0.89,0.89,0.00,0.00,0.00,0.00
harvester2,60,2022-01-10 09:11:09,eth0,30.33,16.83,29.18,3.49,0.00,0.00,1.53,0.02
harvester2,60,2022-01-10 09:11:09,wlan0,0.00,0.00,0.00,0.00,0.00,0.00,0.00,0.00
harvester2,60,2022-01-10 09:12:09,lo,0.83,0.83,1.39,1.39,0.00,0.00,0.00,0.00
harvester2,60,2022-01-10 09:12:09,eth0,72.53,33.43,90.68,4.62,0.00,0.00,1.02,0.07
harvester2,60,2022-01-10 09:12:09,wlan0,0.00,0.00,0.00,0.00,0.00,0.00,0.00,0.00
harvester2,60,2022-01-10 09:13:09,lo,0.67,0.67,1.02,1.02,0.00,0.00,0.00,0.00
harvester2,60,2022-01-10 09:13:09,eth0,15.98,11.85,9.83,3.19,0.00,0.00,2.05,0.01
harvester2,60,2022-01-10 09:13:09,wlan0,0.00,0.00,0.00,0.00,0.00,0.00,0.00,0.00
harvester2,60,2022-01-10 09:14:09,lo,0.93,0.93,1.24,1.24,0.00,0.00,0.00,0.00
harvester2,60,2022-01-10 09:14:09,eth0,123.50,37.87,165.80,4.88,0.00,0.00,1.03,0.14
harvester2,60,2022-01-10 09:14:09,wlan0,0.00,0.00,0.00,0.00,0.00,0.00,0.00,0.00
harvester2,60,2022-01-10 09:15:09,lo,1.83,1.83,2.33,2.33,0.00,0.00,0.00,0.00
harvester2,60,2022-01-10 09:15:09,eth0,36.42,15.63,40.46,4.01,0.00,0.00,1.07,0.03
harvester2,60,2022-01-10 09:15:09,wlan0,0.00,0.00,0.00,0.00,0.00,0.00,0.00,0.00
harvester2,60,2022-01-10 09:16:09,lo,1.40,1.40,1.87,1.87,0.00,0.00,0.00,0.00
harvester2,60,2022-01-10 09:16:09,eth0,9.10,9.88,1.81,3.51,0.00,0.00,1.05,0.00
harvester2,60,2022-01-10 09:16:09,wlan0,0.00,0.00,0.00,0.00,0.00,0.00,0.00,0.00
harvester2,60,2022-01-10 09:17:09,lo,1.83,1.83,2.10,2.10,0.00,0.00,0.00,0.00
harvester2,60,2022-01-10 09:17:09,eth0,59.48,26.17,72.78,4.67,0.00,0.00,1.02,0.06
harvester2,60,2022-01-10 09:17:09,wlan0,0.00,0.00,0.00,0.00,0.00,0.00,0.00,0.00
harvester2,60,2022-01-10 09:18:09,lo,1.30,1.30,1.73,1.73,0.00,0.00,0.00,0.00
harvester2,60,2022-01-10 09:18:09,eth0,34.38,16.27,38.28,3.85,0.00,0.00,1.05,0.03
harvester2,60,2022-01-10 09:18:09,wlan0,0.00,0.00,0.00,0.00,0.00,0.00,0.00,0.00
harvester2,60,2022-01-10 09:19:09,lo,1.47,1.47,2.09,2.09,0.00,0.00,0.00,0.00
harvester2,60,2022-01-10 09:19:09,eth0,76.62,34.40,97.89,4.93,0.00,0.00,1.02,0.08
harvester2,60,2022-01-10 09:19:09,wlan0,0.00,0.00,0.00,0.00,0.00,0.00,0.00,0.00
harvester2,60,2022-01-10 09:20:09,lo,1.00,1.00,1.24,1.24,0.00,0.00,0.00,0.00
harvester2,60,2022-01-10 09:20:09,eth0,9.48,10.37,2.35,3.31,0.00,0.00,1.12,0.00
harvester2,60,2022-01-10 09:20:09,wlan0,0.00,0.00,0.00,0.00,0.00,0.00,0.00,0.00
harvester2,60,2022-01-10 09:21:09,lo,0.90,0.90,1.07,1.07,0.00,0.00,0.00,0.00
harvester2,60,2022-01-10 09:21:09,eth0,91.10,32.77,120.62,4.58,0.00,0.00,1.05,0.10
harvester2,60,2022-01-10 09:21:09,wlan0,0.00,0.00,0.00,0.00,0.00,0.00,0.00,0.00
harvester2,60,2022-01-10 09:22:09,lo,1.47,1.47,1.63,1.63,0.00,0.00,0.00,0.00
harvester2,60,2022-01-10 09:22:09,eth0,78.12,28.18,100.46,4.63,0.00,0.00,1.08,0.08
harvester2,60,2022-01-10 09:22:09,wlan0,0.00,0.00,0.00,0.00,0.00,0.00,0.00,0.00
harvester2,60,2022-01-10 09:23:09,lo,1.30,1.30,1.91,1.91,0.00,0.00,0.00,0.00
harvester2,60,2022-01-10 09:23:09,eth0,45.75,16.73,54.53,3.98,0.00,0.00,1.08,0.04
harvester2,60,2022-01-10 09:23:09,wlan0,0.00,0.00,0.00,0.00,0.00,0.00,0.00,0.00
harvester2,60,2022-01-10 09:24:09,lo,0.97,0.97,1.18,1.18,0.00,0.00,0.00,0.00
harvester2,60,2022-01-10 09:24:09,eth0,80.10,34.37,103.88,4.71,0.00,0.00,1.10,0.09
harvester2,60,2022-01-10 09:24:09,wlan0,0.00,0.00,0.00,0.00,0.00,0.00,0.00,0.00
harvester2,60,2022-01-10 09:25:09,lo,1.50,1.50,1.74,1.74,0.00,0.00,0.00,0.00
harvester2,60,2022-01-10 09:25:09,eth0,9.55,10.47,1.94,3.58,0.00,0.00,1.02,0.00
harvester2,60,2022-01-10 09:25:09,wlan0,0.00,0.00,0.00,0.00,0.00,0.00,0.00,0.00
harvester2,60,2022-01-10 09:26:09,lo,0.97,0.97,1.25,1.25,0.00,0.00,0.00,0.00
harvester2,60,2022-01-10 09:26:09,eth0,32.52,11.05,34.88,3.41,0.00,0.00,1.05,0.03
harvester2,60,2022-01-10 09:26:09,wlan0,0.00,0.00,0.00,0.00,0.00,0.00,0.00,0.00
harvester2,60,2022-01-10 09:27:09,lo,0.90,0.90,1.24,1.24,0.00,0.00,0.00,0.00
harvester2,60,2022-01-10 09:27:09,eth0,20.78,11.45,18.65,3.35,0.00,0.00,1.03,0.02
harvester2,60,2022-01-10 09:27:09,wlan0,0.00,0.00,0.00,0.00,0.00,0.00,0.00,0.00
harvester2,60,2022-01-10 09:28:09,lo,1.23,1.23,1.72,1.72,0.00,0.00,0.00,0.00
harvester2,60,2022-01-10 09:28:09,eth0,11.47,11.32,2.89,3.50,0.00,0.00,1.10,0.00
harvester2,60,2022-01-10 09:28:09,wlan0,0.00,0.00,0.00,0.00,0.00,0.00,0.00,0.00
harvester2,60,2022-01-10 09:29:09,lo,1.08,1.08,1.86,1.86,0.00,0.00,0.00,0.00
harvester2,60,2022-01-10 09:29:09,eth0,30.63,18.35,30.63,3.78,0.00,0.00,1.07,0.03
harvester2,60,2022-01-10 09:29:09,wlan0,0.00,0.00,0.00,0.00,0.00,0.00,0.00,0.00
harvester2,60,2022-01-10 09:30:09,lo,0.25,0.25,0.38,0.38,0.00,0.00,0.00,0.00
harvester2,60,2022-01-10 09:30:09,eth0,9.88,9.22,2.20,2.93,0.00,0.00,1.02,0.00
harvester2,60,2022-01-10 09:30:09,wlan0,0.00,0.00,0.00,0.00,0.00,0.00,0.00,0.00
harvester2,60,2022-01-10 09:31:09,lo,0.40,0.40,0.66,0.66,0.00,0.00,0.00,0.00
harvester2,60,2022-01-10 09:31:09,eth0,24.03,17.62,22.43,3.44,0.00,0.00,1.05,0.02
harvester2,60,2022-01-10 09:31:09,wlan0,0.00,0.00,0.00,0.00,0.00,0.00,0.00,0.00
harvester2,60,2022-01-10 09:32:09,lo,0.63,0.63,1.30,1.30,0.00,0.00,0.00,0.00
harvester2,60,2022-01-10 09:32:09,eth0,26.43,13.10,24.55,3.34,0.00,0.00,1.05,0.02
harvester2,60,2022-01-10 09:32:09,wlan0,0.00,0.00,0.00,0.00,0.00,0.00,0.00,0.00
harvester2,60,2022-01-10 09:33:09,lo,0.85,0.85,1.51,1.51,0.00,0.00,0.00,0.00
harvester2,60,2022-01-10 09:33:09,eth0,13.50,12.70,6.39,3.35,0.00,0.00,1.07,0.01
harvester2,60,2022-01-10 09:33:09,wlan0,0.00,0.00,0.00,0.00,0.00,0.00,0.00,0.00
harvester2,60,2022-01-10 09:34:09,lo,0.57,0.57,1.01,1.01,0.00,0.00,0.00,0.00
harvester2,60,2022-01-10 09:34:09,eth0,57.50,29.13,68.68,4.34,0.00,0.00,1.07,0.06
harvester2,60,2022-01-10 09:34:09,wlan0,0.00,0.00,0.00,0.00,0.00,0.00,0.00,0.00
harvester2,60,2022-01-10 09:35:09,lo,0.70,0.70,1.23,1.23,0.00,0.00,0.00,0.00
harvester2,60,2022-01-10 09:35:09,eth0,81.32,27.83,103.03,4.36,0.00,0.00,1.02,0.08
harvester2,60,2022-01-10 09:35:09,wlan0,0.00,0.00,0.00,0.00,0.00,0.00,0.00,0.00
harvester2,60,2022-01-10 09:36:09,lo,0.50,0.50,0.87,0.87,0.00,0.00,0.00,0.00
harvester2,60,2022-01-10 09:36:09,eth0,45.88,27.47,52.44,4.00,0.00,0.00,1.07,0.04
harvester2,60,2022-01-10 09:36:09,wlan0,0.00,0.00,0.00,0.00,0.00,0.00,0.00,0.00
harvester2,60,2022-01-10 09:37:09,lo,0.67,0.67,1.08,1.08,0.00,0.00,0.00,0.00
harvester2,60,2022-01-10 09:37:09,eth0,38.98,16.97,40.50,3.49,0.00,0.00,1.10,0.03
harvester2,60,2022-01-10 09:37:09,wlan0,0.00,0.00,0.00,0.00,0.00,0.00,0.00,0.00
harvester2,60,2022-01-10 09:38:09,lo,0.27,0.27,0.41,0.41,0.00,0.00,0.00,0.00
harvester2,60,2022-01-10 09:38:09,eth0,41.75,32.22,45.58,4.21,0.00,0.00,1.03,0.04
harvester2,60,2022-01-10 09:38:09,wlan0,0.00,0.00,0.00,0.00,0.00,0.00,0.00,0.00
harvester2,60,2022-01-10 09:39:09,lo,0.40,0.40,0.78,0.78,0.00,0.00,0.00,0.00
harvester2,60,2022-01-10 09:39:09,eth0,32.68,19.67,31.65,3.67,0.00,0.00,1.05,0.03
harvester2,60,2022-01-10 09:39:09,wlan0,0.00,0.00,0.00,0.00,0.00,0.00,0.00,0.00
harvester2,60,2022-01-10 09:40:09,lo,0.70,0.70,1.40,1.40,0.00,0.00,0.00,0.00
harvester2,60,2022-01-10 09:40:09,eth0,46.20,20.52,51.43,3.84,0.00,0.00,1.03,0.04
harvester2,60,2022-01-10 09:40:09,wlan0,0.00,0.00,0.00,0.00,0.00,0.00,0.00,0.00
harvester2,60,2022-01-10 09:41:09,lo,0.67,0.67,1.50,1.50,0.00,0.00,0.00,0.00
harvester2,60,2022-01-10 09:41:09,eth0,13.30,12.97,2.99,3.36,0.00,0.00,1.08,0.00
harvester2,60,2022-01-10 09:41:09,wlan0,0.00,0.00,0.00,0.00,0.00,0.00,0.00,0.00
harvester2,60,2022-01-10 09:42:09,lo,0.77,0.77,1.59,1.59,0.00,0.00,0.00,0.00
harvester2,60,2022-01-10 09:42:09,eth0,80.42,40.58,99.64,5.07,0.00,0.00,1.07,0.08
harvester2,60,2022-01-10 09:42:09,wlan0,0.00,0.00,0.00,0.00,0.00,0.00,0.00,0.00
harvester2,60,2022-01-10 09:43:09,lo,0.80,0.80,1.63,1.63,0.00,0.00,0.00,0.00
harvester2,60,2022-01-10 09:43:09,eth0,57.25,29.25,64.57,4.42,0.00,0.00,1.00,0.05
harvester2,60,2022-01-10 09:43:09,wlan0,0.00,0.00,0.00,0.00,0.00,0.00,0.00,0.00
harvester2,60,2022-01-10 09:44:09,lo,0.60,0.60,1.28,1.28,0.00,0.00,0.00,0.00
harvester2,60,2022-01-10 09:44:09,eth0,46.63,27.88,49.65,4.23,0.00,0.00,1.07,0.04
harvester2,60,2022-01-10 09:44:09,wlan0,0.00,0.00,0.00,0.00,0.00,0.00,0.00,0.00
harvester2,60,2022-01-10 09:45:09,lo,0.37,0.37,0.52,0.52,0.00,0.00,0.00,0.00
harvester2,60,2022-01-10 09:45:09,eth0,49.52,18.47,56.79,3.56,0.00,0.00,1.02,0.05
harvester2,60,2022-01-10 09:45:09,wlan0,0.00,0.00,0.00,0.00,0.00,0.00,0.00,0.00
harvester2,60,2022-01-10 09:46:09,lo,0.80,0.80,1.63,1.63,0.00,0.00,0.00,0.00
harvester2,60,2022-01-10 09:46:09,eth0,52.47,27.07,57.93,4.11,0.00,0.00,1.12,0.05
harvester2,60,2022-01-10 09:46:09,wlan0,0.00,0.00,0.00,0.00,0.00,0.00,0.00,0.00
harvester2,60,2022-01-10 09:47:09,lo,0.63,0.63,1.27,1.27,0.00,0.00,0.00,0.00
harvester2,60,2022-01-10 09:47:09,eth0,48.40,17.82,53.63,3.67,0.00,0.00,1.05,0.04
harvester2,60,2022-01-10 09:47:09,wlan0,0.00,0.00,0.00,0.00,0.00,0.00,0.00,0.00
harvester2,60,2022-01-10 09:48:09,lo,0.57,0.57,1.15,1.15,0.00,0.00,0.00,0.00
harvester2,60,2022-01-10 09:48:09,eth0,95.50,34.52,124.37,4.58,0.00,0.00,1.03,0.10
harvester2,60,2022-01-10 09:48:09,wlan0,0.00,0.00,0.00,0.00,0.00,0.00,0.00,0.00
harvester2,60,2022-01-10 09:49:09,lo,0.53,0.53,0.90,0.90,0.00,0.00,0.00,0.00
harvester2,60,2022-01-10 09:49:09,eth0,45.33,15.22,52.49,3.40,0.00,0.00,1.12,0.04
harvester2,60,2022-01-10 09:49:09,wlan0,0.00,0.00,0.00,0.00,0.00,0.00,0.00,0.00
harvester2,60,2022-01-10 09:50:09,lo,0.27,0.27,0.42,0.42,0.00,0.00,0.00,0.00
harvester2,60,2022-01-10 09:50:09,eth0,9.13,9.22,1.49,2.99,0.00,0.00,1.05,0.00
harvester2,60,2022-01-10 09:50:09,wlan0,0.00,0.00,0.00,0.00,0.00,0.00,0.00,0.00
harvester2,60,2022-01-10 09:51:09,lo,1.00,1.00,1.69,1.69,0.00,0.00,0.00,0.00
harvester2,60,2022-01-10 09:51:09,eth0,48.32,19.33,57.34,3.71,0.00,0.00,1.07,0.05
harvester2,60,2022-01-10 09:51:09,wlan0,0.00,0.00,0.00,0.00,0.00,0.00,0.00,0.00
harvester2,60,2022-01-10 09:52:09,lo,0.80,0.80,1.37,1.37,0.00,0.00,0.00,0.00
harvester2,60,2022-01-10 09:52:09,eth0,42.35,20.82,48.96,3.94,0.00,0.00,1.10,0.04
harvester2,60,2022-01-10 09:52:09,wlan0,0.00,0.00,0.00,0.00,0.00,0.00,0.00,0.00
harvester2,60,2022-01-10 09:53:09,lo,0.33,0.33,0.37,0.37,0.00,0.00,0.00,0.00
harvester2,60,2022-01-10 09:53:09,eth0,38.30,17.05,44.20,3.62,0.00,0.00,1.03,0.04
harvester2,60,2022-01-10 09:53:09,wlan0,0.00,0.00,0.00,0.00,0.00,0.00,0.00,0.00
harvester2,60,2022-01-10 09:54:09,lo,0.30,0.30,0.49,0.49,0.00,0.00,0.00,0.00
harvester2,60,2022-01-10 09:54:09,eth0,12.73,11.07,6.69,3.10,0.00,0.00,1.07,0.01
harvester2,60,2022-01-10 09:54:09,wlan0,0.00,0.00,0.00,0.00,0.00,0.00,0.00,0.00
harvester2,60,2022-01-10 09:55:09,lo,0.67,0.67,1.12,1.12,0.00,0.00,0.00,0.00
harvester2,60,2022-01-10 09:55:09,eth0,46.12,14.90,52.99,3.38,0.00,0.00,1.10,0.04
harvester2,60,2022-01-10 09:55:09,wlan0,0.00,0.00,0.00,0.00,0.00,0.00,0.00,0.00
harvester2,60,2022-01-10 09:56:09,lo,0.13,0.13,0.14,0.14,0.00,0.00,0.00,0.00
harvester2,60,2022-01-10 09:56:09,eth0,11.58,9.55,6.33,2.89,0.00,0.00,0.97,0.01
harvester2,60,2022-01-10 09:56:09,wlan0,0.00,0.00,0.00,0.00,0.00,0.00,0.00,0.00
harvester2,60,2022-01-10 09:57:09,lo,1.07,1.07,1.74,1.74,0.00,0.00,0.00,0.00
harvester2,60,2022-01-10 09:57:09,eth0,140.17,44.45,189.68,5.74,0.00,0.00,1.07,0.16
harvester2,60,2022-01-10 09:57:09,wlan0,0.00,0.00,0.00,0.00,0.00,0.00,0.00,0.00
harvester2,60,2022-01-10 09:58:09,lo,1.27,1.27,1.85,1.85,0.00,0.00,0.00,0.00
harvester2,60,2022-01-10 09:58:09,eth0,44.90,21.08,52.03,4.07,0.00,0.00,1.08,0.04
harvester2,60,2022-01-10 09:58:09,wlan0,0.00,0.00,0.00,0.00,0.00,0.00,0.00,0.00
harvester2,60,2022-01-10 09:59:09,lo,1.00,1.00,1.60,1.60,0.00,0.00,0.00,0.00
harvester2,60,2022-01-10 09:59:09,eth0,43.47,15.58,50.68,3.59,0.00,0.00,0.98,0.04
harvester2,60,2022-01-10 09:59:09,wlan0,0.00,0.00,0.00,0.00,0.00,0.00,0.00,0.00
harvester2,60,2022-01-10 10:00:09,lo,1.13,1.13,1.66,1.66,0.00,0.00,0.00,0.00
harvester2,60,2022-01-10 10:00:09,eth0,9.05,9.38,1.69,3.28,0.00,0.00,1.07,0.00
harvester2,60,2022-01-10 10:00:09,wlan0,0.00,0.00,0.00,0.00,0.00,0.00,0.00,0.00
harvester2,60,2022-01-10 10:01:09,lo,1.23,1.23,1.73,1.73,0.00,0.00,0.00,0.00
harvester2,60,2022-01-10 10:01:09,eth0,50.83,16.42,61.60,3.71,0.00,0.00,0.97,0.05
harvester2,60,2022-01-10 10:01:09,wlan0,0.00,0.00,0.00,0.00,0.00,0.00,0.00,0.00
harvester2,60,2022-01-10 10:02:09,lo,1.17,1.17,1.65,1.65,0.00,0.00,0.00,0.00
harvester2,60,2022-01-10 10:02:09,eth0,50.37,17.30,60.23,3.77,0.00,0.00,1.10,0.05
harvester2,60,2022-01-10 10:02:09,wlan0,0.00,0.00,0.00,0.00,0.00,0.00,0.00,0.00
harvester2,60,2022-01-10 10:03:09,lo,0.80,0.80,1.14,1.14,0.00,0.00,0.00,0.00
harvester2,60,2022-01-10 10:03:09,eth0,35.62,12.80,39.58,3.37,0.00,0.00,1.05,0.03
harvester2,60,2022-01-10 10:03:09,wlan0,0.00,0.00,0.00,0.00,0.00,0.00,0.00,0.00
harvester2,60,2022-01-10 10:04:09,lo,0.50,0.50,0.80,0.80,0.00,0.00,0.00,0.00
harvester2,60,2022-01-10 10:04:09,eth0,15.62,10.62,10.32,3.18,0.00,0.00,0.98,0.01
harvester2,60,2022-01-10 10:04:09,wlan0,0.00,0.00,0.00,0.00,0.00,0.00,0.00,0.00
harvester2,60,2022-01-10 10:05:09,lo,1.10,1.10,1.73,1.73,0.00,0.00,0.00,0.00
harvester2,60,2022-01-10 10:05:09,eth0,58.52,22.95,69.91,4.03,0.00,0.00,1.03,0.06
harvester2,60,2022-01-10 10:05:09,wlan0,0.00,0.00,0.00,0.00,0.00,0.00,0.00,0.00
harvester2,60,2022-01-10 10:06:09,lo,0.87,0.87,1.33,1.33,0.00,0.00,0.00,0.00
harvester2,60,2022-01-10 10:06:09,eth0,50.23,17.47,58.36,3.67,0.00,0.00,0.98,0.05
harvester2,60,2022-01-10 10:06:09,wlan0,0.00,0.00,0.00,0.00,0.00,0.00,0.00,0.00
harvester2,60,2022-01-10 10:07:09,lo,0.60,0.60,1.09,1.09,0.00,0.00,0.00,0.00
harvester2,60,2022-01-10 10:07:09,eth0,11.28,11.28,2.47,3.25,0.00,0.00,1.08,0.00
harvester2,60,2022-01-10 10:07:09,wlan0,0.00,0.00,0.00,0.00,0.00,0.00,0.00,0.00
harvester2,60,2022-01-10 10:08:09,lo,0.87,0.87,1.52,1.52,0.00,0.00,0.00,0.00
harvester2,60,2022-01-10 10:08:09,eth0,57.28,20.48,68.36,8.26,0.00,0.00,1.08,0.06
harvester2,60,2022-01-10 10:08:09,wlan0,0.00,0.00,0.00,0.00,0.00,0.00,0.00,0.00
harvester2,60,2022-01-10 10:09:09,lo,0.87,0.87,1.55,1.55,0.00,0.00,0.00,0.00
harvester2,60,2022-01-10 10:09:09,eth0,41.87,27.23,46.04,4.10,0.00,0.00,0.98,0.04
harvester2,60,2022-01-10 10:09:09,wlan0,0.00,0.00,0.00,0.00,0.00,0.00,0.00,0.00
harvester2,60,2022-01-10 10:10:09,lo,0.63,0.63,1.00,1.00,0.00,0.00,0.00,0.00
harvester2,60,2022-01-10 10:10:09,eth0,13.63,12.58,2.22,3.22,0.00,0.00,1.55,0.00
harvester2,60,2022-01-10 10:10:09,wlan0,0.00,0.00,0.00,0.00,0.00,0.00,0.00,0.00
harvester2,60,2022-01-10 10:11:09,lo,0.63,0.63,1.16,1.16,0.00,0.00,0.00,0.00
harvester2,60,2022-01-10 10:11:09,eth0,54.38,20.02,63.13,3.61,0.00,0.00,1.63,0.05
harvester2,60,2022-01-10 10:11:09,wlan0,0.00,0.00,0.00,0.00,0.00,0.00,0.00,0.00
harvester2,60,2022-01-10 10:12:09,lo,0.53,0.53,1.06,1.06,0.00,0.00,0.00,0.00
harvester2,60,2022-01-10 10:12:09,eth0,42.60,16.02,47.86,3.39,0.00,0.00,1.47,0.04
harvester2,60,2022-01-10 10:12:09,wlan0,0.00,0.00,0.00,0.00,0.00,0.00,0.00,0.00
harvester2,60,2022-01-10 10:13:09,lo,0.43,0.43,0.89,0.89,0.00,0.00,0.00,0.00
harvester2,60,2022-01-10 10:13:09,eth0,10.28,10.50,1.74,3.17,0.00,0.00,1.07,0.00
harvester2,60,2022-01-10 10:13:09,wlan0,0.00,0.00,0.00,0.00,0.00,0.00,0.00,0.00
harvester2,60,2022-01-10 10:14:09,lo,0.87,0.87,1.92,1.92,0.00,0.00,0.00,0.00
harvester2,60,2022-01-10 10:14:09,eth0,42.73,17.72,47.79,3.69,0.00,0.00,0.95,0.04
harvester2,60,2022-01-10 10:14:09,wlan0,0.00,0.00,0.00,0.00,0.00,0.00,0.00,0.00
harvester2,60,2022-01-10 10:15:09,lo,0.50,0.50,0.86,0.86,0.00,0.00,0.00,0.00
harvester2,60,2022-01-10 10:15:09,eth0,42.53,18.28,47.60,3.69,0.00,0.00,1.10,0.04
harvester2,60,2022-01-10 10:15:09,wlan0,0.00,0.00,0.00,0.00,0.00,0.00,0.00,0.00
harvester2,60,2022-01-10 10:16:09,lo,0.70,0.70,1.40,1.40,0.00,0.00,0.00,0.00
harvester2,60,2022-01-10 10:16:09,eth0,15.67,15.85,6.98,3.46,0.00,0.00,1.07,0.01
harvester2,60,2022-01-10 10:16:09,wlan0,0.00,0.00,0.00,0.00,0.00,0.00,0.00,0.00
harvester2,60,2022-01-10 10:17:09,lo,0.90,0.90,1.81,1.81,0.00,0.00,0.00,0.00
harvester2,60,2022-01-10 10:17:09,eth0,82.35,27.38,102.61,4.15,0.00,0.00,1.13,0.08
harvester2,60,2022-01-10 10:17:09,wlan0,0.00,0.00,0.00,0.00,0.00,0.00,0.00,0.00
harvester2,60,2022-01-10 10:18:09,lo,0.50,0.50,0.84,0.84,0.00,0.00,0.00,0.00
harvester2,60,2022-01-10 10:18:09,eth0,11.58,11.27,2.97,3.14,0.00,0.00,1.05,0.00
harvester2,60,2022-01-10 10:18:09,wlan0,0.00,0.00,0.00,0.00,0.00,0.00,0.00,0.00
harvester2,60,2022-01-10 10:19:09,lo,0.73,0.73,1.52,1.52,0.00,0.00,0.00,0.00
harvester2,60,2022-01-10 10:19:09,eth0,42.42,21.40,45.30,4.05,0.00,0.00,1.10,0.04
harvester2,60,2022-01-10 10:19:09,wlan0,0.00,0.00,0.00,0.00,0.00,0.00,0.00,0.00
harvester2,60,2022-01-10 10:20:09,lo,0.80,0.80,1.76,1.76,0.00,0.00,0.00,0.00
harvester2,60,2022-01-10 10:20:09,eth0,57.03,24.17,65.80,4.03,0.00,0.00,0.93,0.05
harvester2,60,2022-01-10 10:20:09,wlan0,0.00,0.00,0.00,0.00,0.00,0.00,0.00,0.00
harvester2,60,2022-01-10 10:21:09,lo,0.67,0.67,1.33,1.33,0.00,0.00,0.00,0.00
harvester2,60,2022-01-10 10:21:09,eth0,61.40,19.28,72.44,3.56,0.00,0.00,1.10,0.06
harvester2,60,2022-01-10 10:21:09,wlan0,0.00,0.00,0.00,0.00,0.00,0.00,0.00,0.00
harvester2,60,2022-01-10 10:22:09,lo,0.47,0.47,0.93,0.93,0.00,0.00,0.00,0.00
harvester2,60,2022-01-10 10:22:09,eth0,61.30,29.95,72.90,4.08,0.00,0.00,1.02,0.06
harvester2,60,2022-01-10 10:22:09,wlan0,0.00,0.00,0.00,0.00,0.00,0.00,0.00,0.00
harvester2,60,2022-01-10 10:23:09,lo,0.53,0.53,1.14,1.14,0.00,0.00,0.00,0.00
harvester2,60,2022-01-10 10:23:09,eth0,49.12,21.88,56.29,3.70,0.00,0.00,1.07,0.05
harvester2,60,2022-01-10 10:23:09,wlan0,0.00,0.00,0.00,0.00,0.00,0.00,0.00,0.00
harvester2,60,2022-01-10 10:24:09,lo,0.57,0.57,1.48,1.48,0.00,0.00,0.00,0.00
harvester2,60,2022-01-10 10:24:09,eth0,13.38,13.05,2.19,3.22,0.00,0.00,1.07,0.00
harvester2,60,2022-01-10 10:24:09,wlan0,0.00,0.00,0.00,0.00,0.00,0.00,0.00,0.00
harvester2,60,2022-01-10 10:25:09,lo,0.63,0.63,1.33,1.33,0.00,0.00,0.00,0.00
harvester2,60,2022-01-10 10:25:09,eth0,38.20,21.43,39.85,3.71,0.00,0.00,1.02,0.03
harvester2,60,2022-01-10 10:25:09,wlan0,0.00,0.00,0.00,0.00,0.00,0.00,0.00,0.00
harvester2,60,2022-01-10 10:26:09,lo,0.37,0.37,0.75,0.75,0.00,0.00,0.00,0.00
harvester2,60,2022-01-10 10:26:09,eth0,52.85,20.10,59.29,3.49,0.00,0.00,1.08,0.05
harvester2,60,2022-01-10 10:26:09,wlan0,0.00,0.00,0.00,0.00,0.00,0.00,0.00,0.00
harvester2,60,2022-01-10 10:27:09,lo,0.57,0.57,1.07,1.07,0.00,0.00,0.00,0.00
harvester2,60,2022-01-10 10:27:09,eth0,11.58,11.80,1.96,3.11,0.00,0.00,0.95,0.00
harvester2,60,2022-01-10 10:27:09,wlan0,0.00,0.00,0.00,0.00,0.00,0.00,0.00,0.00
harvester2,60,2022-01-10 10:28:09,lo,0.60,0.60,1.34,1.34,0.00,0.00,0.00,0.00
harvester2,60,2022-01-10 10:28:09,eth0,43.45,18.87,47.50,3.80,0.00,0.00,1.08,0.04
harvester2,60,2022-01-10 10:28:09,wlan0,0.00,0.00,0.00,0.00,0.00,0.00,0.00,0.00
harvester2,60,2022-01-10 10:29:09,lo,0.87,0.87,2.04,2.04,0.00,0.00,0.00,0.00
harvester2,60,2022-01-10 10:29:09,eth0,49.82,22.50,50.63,3.87,0.00,0.00,1.05,0.04
harvester2,60,2022-01-10 10:29:09,wlan0,0.00,0.00,0.00,0.00,0.00,0.00,0.00,0.00
harvester2,60,2022-01-10 10:30:09,lo,0.37,0.37,0.82,0.82,0.00,0.00,0.00,0.00
harvester2,60,2022-01-10 10:30:09,eth0,14.47,14.37,2.93,3.24,0.00,0.00,0.98,0.00
harvester2,60,2022-01-10 10:30:09,wlan0,0.00,0.00,0.00,0.00,0.00,0.00,0.00,0.00
harvester2,60,2022-01-10 10:31:09,lo,0.37,0.37,0.86,0.86,0.00,0.00,0.00,0.00
harvester2,60,2022-01-10 10:31:09,eth0,27.08,13.77,22.45,3.26,0.00,0.00,1.05,0.02
harvester2,60,2022-01-10 10:31:09,wlan0,0.00,0.00,0.00,0.00,0.00,0.00,0.00,0.00
harvester2,60,2022-01-10 10:32:09,lo,0.60,0.60,1.38,1.38,0.00,0.00,0.00,0.00
harvester2,60,2022-01-10 10:32:09,eth0,15.68,13.70,7.63,3.27,0.00,0.00,1.08,0.01
harvester2,60,2022-01-10 10:32:09,wlan0,0.00,0.00,0.00,0.00,0.00,0.00,0.00,0.00
harvester2,60,2022-01-10 10:33:09,lo,0.70,0.70,1.53,1.53,0.00,0.00,0.00,0.00
harvester2,60,2022-01-10 10:33:09,eth0,16.98,16.77,3.45,3.52,0.00,0.00,0.98,0.00
harvester2,60,2022-01-10 10:33:09,wlan0,0.00,0.00,0.00,0.00,0.00,0.00,0.00,0.00
harvester2,60,2022-01-10 10:34:09,lo,0.47,0.47,1.21,1.21,0.00,0.00,0.00,0.00
harvester2,60,2022-01-10 10:34:09,eth0,22.35,16.93,14.01,3.40,0.00,0.00,1.07,0.01
harvester2,60,2022-01-10 10:34:09,wlan0,0.00,0.00,0.00,0.00,0.00,0.00,0.00,0.00
harvester2,60,2022-01-10 10:35:09,lo,0.73,0.73,1.85,1.85,0.00,0.00,0.00,0.00
harvester2,60,2022-01-10 10:35:09,eth0,19.37,16.25,10.14,3.48,0.00,0.00,0.97,0.01
harvester2,60,2022-01-10 10:35:09,wlan0,0.00,0.00,0.00,0.00,0.00,0.00,0.00,0.00
harvester2,60,2022-01-10 10:36:09,lo,0.17,0.17,0.41,0.41,0.00,0.00,0.00,0.00
harvester2,60,2022-01-10 10:36:09,eth0,13.40,12.95,2.29,3.04,0.00,0.00,1.05,0.00
harvester2,60,2022-01-10 10:36:09,wlan0,0.00,0.00,0.00,0.00,0.00,0.00,0.00,0.00
harvester2,60,2022-01-10 10:37:09,lo,0.62,0.62,1.67,1.67,0.00,0.00,0.00,0.00
harvester2,60,2022-01-10 10:37:09,eth0,24.10,16.27,16.94,3.40,0.00,0.00,1.08,0.01
harvester2,60,2022-01-10 10:37:09,wlan0,0.00,0.00,0.00,0.00,0.00,0.00,0.00,0.00
harvester2,60,2022-01-10 10:38:09,lo,0.52,0.52,1.10,1.10,0.00,0.00,0.00,0.00
harvester2,60,2022-01-10 10:38:09,eth0,48.37,26.62,53.11,3.94,0.00,0.00,0.97,0.04
harvester2,60,2022-01-10 10:38:09,wlan0,0.00,0.00,0.00,0.00,0.00,0.00,0.00,0.00
harvester2,60,2022-01-10 10:39:09,lo,0.53,0.53,1.27,1.27,0.00,0.00,0.00,0.00
harvester2,60,2022-01-10 10:39:09,eth0,21.73,14.52,14.87,3.35,0.00,0.00,1.07,0.01
harvester2,60,2022-01-10 10:39:09,wlan0,0.00,0.00,0.00,0.00,0.00,0.00,0.00,0.00
harvester2,60,2022-01-10 10:40:09,lo,0.53,0.53,1.20,1.20,0.00,0.00,0.00,0.00
harvester2,60,2022-01-10 10:40:09,eth0,26.83,17.32,20.88,3.46,0.00,0.00,0.98,0.02
harvester2,60,2022-01-10 10:40:09,wlan0,0.00,0.00,0.00,0.00,0.00,0.00,0.00,0.00
harvester2,60,2022-01-10 10:41:09,lo,0.73,0.73,1.70,1.70,0.00,0.00,0.00,0.00
harvester2,60,2022-01-10 10:41:09,eth0,38.55,20.25,38.80,3.64,0.00,0.00,1.07,0.03
harvester2,60,2022-01-10 10:41:09,wlan0,0.00,0.00,0.00,0.00,0.00,0.00,0.00,0.00
harvester2,60,2022-01-10 10:42:09,lo,0.47,0.47,1.07,1.07,0.00,0.00,0.00,0.00
harvester2,60,2022-01-10 10:42:09,eth0,30.40,15.83,25.78,3.44,0.00,0.00,1.05,0.02
harvester2,60,2022-01-10 10:42:09,wlan0,0.00,0.00,0.00,0.00,0.00,0.00,0.00,0.00
harvester2,60,2022-01-10 10:43:09,lo,0.73,0.73,1.47,1.47,0.00,0.00,0.00,0.00
harvester2,60,2022-01-10 10:43:09,eth0,36.53,25.12,34.30,3.98,0.00,0.00,0.98,0.03
harvester2,60,2022-01-10 10:43:09,wlan0,0.00,0.00,0.00,0.00,0.00,0.00,0.00,0.00
harvester2,60,2022-01-10 10:44:09,lo,0.50,0.50,1.18,1.18,0.00,0.00,0.00,0.00
harvester2,60,2022-01-10 10:44:09,eth0,31.13,18.67,25.78,3.54,0.00,0.00,1.07,0.02
harvester2,60,2022-01-10 10:44:09,wlan0,0.00,0.00,0.00,0.00,0.00,0.00,0.00,0.00
harvester2,60,2022-01-10 10:45:09,lo,0.53,0.53,1.30,1.30,0.00,0.00,0.00,0.00
harvester2,60,2022-01-10 10:45:09,eth0,31.98,17.85,28.73,3.47,0.00,0.00,1.07,0.02
harvester2,60,2022-01-10 10:45:09,wlan0,0.00,0.00,0.00,0.00,0.00,0.00,0.00,0.00
harvester2,60,2022-01-10 10:46:09,lo,0.40,0.40,0.74,0.74,0.00,0.00,0.00,0.00
harvester2,60,2022-01-10 10:46:09,eth0,33.63,20.61,30.87,3.56,0.00,0.00,0.97,0.03
harvester2,60,2022-01-10 10:46:09,wlan0,0.00,0.00,0.00,0.00,0.00,0.00,0.00,0.00
harvester2,60,2022-01-10 10:47:09,lo,0.47,0.47,1.14,1.14,0.00,0.00,0.00,0.00
harvester2,60,2022-01-10 10:47:09,eth0,38.48,22.18,37.08,3.64,0.00,0.00,1.10,0.03
harvester2,60,2022-01-10 10:47:09,wlan0,0.00,0.00,0.00,0.00,0.00,0.00,0.00,0.00
harvester2,60,2022-01-10 10:48:09,lo,0.27,0.27,0.63,0.63,0.00,0.00,0.00,0.00
harvester2,60,2022-01-10 10:48:09,eth0,28.03,18.35,22.14,3.43,0.00,0.00,0.97,0.02
harvester2,60,2022-01-10 10:48:09,wlan0,0.00,0.00,0.00,0.00,0.00,0.00,0.00,0.00
harvester2,60,2022-01-10 10:49:09,lo,0.80,0.80,2.00,2.00,0.00,0.00,0.00,0.00
harvester2,60,2022-01-10 10:49:09,eth0,39.18,22.92,37.15,3.87,0.00,0.00,1.12,0.03
harvester2,60,2022-01-10 10:49:09,wlan0,0.00,0.00,0.00,0.00,0.00,0.00,0.00,0.00
harvester2,60,2022-01-10 10:50:09,lo,0.43,0.43,0.91,0.91,0.00,0.00,0.00,0.00
harvester2,60,2022-01-10 10:50:09,eth0,41.27,19.93,38.19,3.54,0.00,0.00,1.07,0.03
harvester2,60,2022-01-10 10:50:09,wlan0,0.00,0.00,0.00,0.00,0.00,0.00,0.00,0.00
harvester2,60,2022-01-10 10:51:09,lo,0.50,0.50,0.99,0.99,0.00,0.00,0.00,0.00
harvester2,60,2022-01-10 10:51:09,eth0,41.85,23.57,43.30,3.78,0.00,0.00,1.02,0.04
harvester2,60,2022-01-10 10:51:09,wlan0,0.00,0.00,0.00,0.00,0.00,0.00,0.00,0.00
harvester2,60,2022-01-10 10:52:09,lo,0.83,0.83,1.89,1.89,0.00,0.00,0.00,0.00
harvester2,60,2022-01-10 10:52:09,eth0,30.08,17.65,24.40,3.53,0.00,0.00,1.12,0.02
harvester2,60,2022-01-10 10:52:09,wlan0,0.00,0.00,0.00,0.00,0.00,0.00,0.00,0.00
harvester2,60,2022-01-10 10:53:09,lo,0.57,0.57,1.51,1.51,0.00,0.00,0.00,0.00
harvester2,60,2022-01-10 10:53:09,eth0,29.68,17.05,23.27,3.44,0.00,0.00,0.98,0.02
harvester2,60,2022-01-10 10:53:09,wlan0,0.00,0.00,0.00,0.00,0.00,0.00,0.00,0.00
harvester2,60,2022-01-10 10:54:09,lo,0.70,0.70,1.62,1.62,0.00,0.00,0.00,0.00
harvester2,60,2022-01-10 10:54:09,eth0,99.95,34.85,124.11,4.50,0.00,0.00,1.03,0.10
harvester2,60,2022-01-10 10:54:09,wlan0,0.00,0.00,0.00,0.00,0.00,0.00,0.00,0.00
harvester2,60,2022-01-10 10:55:09,lo,0.63,0.63,1.73,1.73,0.00,0.00,0.00,0.00
harvester2,60,2022-01-10 10:55:09,eth0,77.83,23.27,90.09,3.79,0.00,0.00,1.10,0.07
harvester2,60,2022-01-10 10:55:09,wlan0,0.00,0.00,0.00,0.00,0.00,0.00,0.00,0.00
harvester2,60,2022-01-10 10:56:09,lo,0.13,0.13,0.23,0.23,0.00,0.00,0.00,0.00
harvester2,60,2022-01-10 10:56:09,eth0,42.70,21.07,39.15,3.49,0.00,0.00,0.97,0.03
harvester2,60,2022-01-10 10:56:09,wlan0,0.00,0.00,0.00,0.00,0.00,0.00,0.00,0.00
harvester2,60,2022-01-10 10:57:09,lo,0.40,0.40,1.27,1.27,0.00,0.00,0.00,0.00
harvester2,60,2022-01-10 10:57:09,eth0,78.87,29.37,91.47,4.03,0.00,0.00,1.08,0.07
harvester2,60,2022-01-10 10:57:09,wlan0,0.00,0.00,0.00,0.00,0.00,0.00,0.00,0.00
harvester2,60,2022-01-10 10:58:09,lo,0.37,0.37,1.02,1.02,0.00,0.00,0.00,0.00
harvester2,60,2022-01-10 10:58:09,eth0,19.68,16.53,11.98,3.40,0.00,0.00,1.07,0.01
harvester2,60,2022-01-10 10:58:09,wlan0,0.00,0.00,0.00,0.00,0.00,0.00,0.00,0.00
harvester2,60,2022-01-10 10:59:09,lo,0.53,0.53,1.50,1.50,0.00,0.00,0.00,0.00
harvester2,60,2022-01-10 10:59:09,eth0,27.77,19.60,19.01,3.58,0.00,0.00,0.97,0.02
harvester2,60,2022-01-10 10:59:09,wlan0,0.00,0.00,0.00,0.00,0.00,0.00,0.00,0.00
harvester2,60,2022-01-10 11:00:09,lo,0.63,0.63,1.65,1.65,0.00,0.00,0.00,0.00
harvester2,60,2022-01-10 11:00:09,eth0,59.15,27.70,62.45,4.09,0.00,0.00,1.05,0.05
harvester2,60,2022-01-10 11:00:09,wlan0,0.00,0.00,0.00,0.00,0.00,0.00,0.00,0.00
harvester2,60,2022-01-10 11:01:09,lo,0.57,0.57,1.68,1.68,0.00,0.00,0.00,0.00
harvester2,60,2022-01-10 11:01:09,eth0,21.70,17.15,10.03,3.58,0.00,0.00,0.98,0.01
harvester2,60,2022-01-10 11:01:09,wlan0,0.00,0.00,0.00,0.00,0.00,0.00,0.00,0.00
harvester2,60,2022-01-10 11:02:09,lo,0.30,0.30,0.79,0.79,0.00,0.00,0.00,0.00
harvester2,60,2022-01-10 11:02:09,eth0,22.37,15.95,14.13,3.27,0.00,0.00,1.08,0.01
harvester2,60,2022-01-10 11:02:09,wlan0,0.00,0.00,0.00,0.00,0.00,0.00,0.00,0.00
harvester2,60,2022-01-10 11:03:09,lo,0.53,0.53,1.22,1.22,0.00,0.00,0.00,0.00
harvester2,60,2022-01-10 11:03:09,eth0,21.28,15.63,11.18,3.35,0.00,0.00,1.32,0.01
harvester2,60,2022-01-10 11:03:09,wlan0,0.00,0.00,0.00,0.00,0.00,0.00,0.00,0.00
harvester2,60,2022-01-10 11:04:09,lo,0.53,0.53,1.54,1.54,0.00,0.00,0.00,0.00
harvester2,60,2022-01-10 11:04:09,eth0,29.82,23.93,17.58,3.82,0.00,0.00,0.98,0.01
harvester2,60,2022-01-10 11:04:09,wlan0,0.00,0.00,0.00,0.00,0.00,0.00,0.00,0.00
harvester2,60,2022-01-10 11:05:09,lo,0.50,0.50,1.35,1.35,0.00,0.00,0.00,0.00
harvester2,60,2022-01-10 11:05:09,eth0,38.75,20.95,33.07,3.60,0.00,0.00,1.18,0.03
harvester2,60,2022-01-10 11:05:09,wlan0,0.00,0.00,0.00,0.00,0.00,0.00,0.00,0.00
harvester2,60,2022-01-10 11:06:09,lo,0.50,0.50,1.16,1.16,0.00,0.00,0.00,0.00
harvester2,60,2022-01-10 11:06:09,eth0,38.33,24.40,30.46,7.97,0.00,0.00,0.97,0.02
harvester2,60,2022-01-10 11:06:09,wlan0,0.00,0.00,0.00,0.00,0.00,0.00,0.00,0.00
harvester2,60,2022-01-10 11:07:09,lo,0.63,0.63,1.55,1.55,0.00,0.00,0.00,0.00
harvester2,60,2022-01-10 11:07:09,eth0,50.13,29.83,47.99,4.25,0.00,0.00,1.05,0.04
harvester2,60,2022-01-10 11:07:09,wlan0,0.00,0.00,0.00,0.00,0.00,0.00,0.00,0.00
harvester2,60,2022-01-10 11:08:09,lo,0.73,0.73,1.80,1.80,0.00,0.00,0.00,0.00
harvester2,60,2022-01-10 11:08:09,eth0,50.55,23.70,48.75,3.80,0.00,0.00,1.08,0.04
harvester2,60,2022-01-10 11:08:09,wlan0,0.00,0.00,0.00,0.00,0.00,0.00,0.00,0.00
harvester2,60,2022-01-10 11:09:09,lo,0.73,0.73,1.75,1.75,0.00,0.00,0.00,0.00
harvester2,60,2022-01-10 11:09:09,eth0,52.42,24.53,51.87,3.91,0.00,0.00,0.97,0.04
harvester2,60,2022-01-10 11:09:09,wlan0,0.00,0.00,0.00,0.00,0.00,0.00,0.00,0.00
harvester2,60,2022-01-10 11:10:09,lo,0.70,0.70,1.87,1.87,0.00,0.00,0.00,0.00
harvester2,60,2022-01-10 11:10:09,eth0,46.37,25.53,43.86,3.96,0.00,0.00,1.07,0.04
harvester2,60,2022-01-10 11:10:09,wlan0,0.00,0.00,0.00,0.00,0.00,0.00,0.00,0.00
harvester2,60,2022-01-10 11:11:09,lo,0.47,0.47,0.96,0.96,0.00,0.00,0.00,0.00
harvester2,60,2022-01-10 11:11:09,eth0,46.80,24.88,46.63,3.87,0.00,0.00,1.53,0.04
harvester2,60,2022-01-10 11:11:09,wlan0,0.00,0.00,0.00,0.00,0.00,0.00,0.00,0.00
harvester2,60,2022-01-10 11:12:09,lo,0.33,0.33,0.54,0.54,0.00,0.00,0.00,0.00
harvester2,60,2022-01-10 11:12:09,eth0,52.25,24.05,52.76,3.73,0.00,0.00,1.60,0.04
harvester2,60,2022-01-10 11:12:09,wlan0,0.00,0.00,0.00,0.00,0.00,0.00,0.00,0.00
harvester2,60,2022-01-10 11:13:09,lo,0.70,0.70,2.12,2.12,0.00,0.00,0.00,0.00
harvester2,60,2022-01-10 11:13:09,eth0,53.62,24.15,54.97,3.99,0.00,0.00,1.50,0.05
harvester2,60,2022-01-10 11:13:09,wlan0,0.00,0.00,0.00,0.00,0.00,0.00,0.00,0.00
harvester2,60,2022-01-10 11:14:09,lo,0.50,0.50,1.21,1.21,0.00,0.00,0.00,0.00
harvester2,60,2022-01-10 11:14:09,eth0,50.42,23.92,51.26,3.74,0.00,0.00,0.97,0.04
harvester2,60,2022-01-10 11:14:09,wlan0,0.00,0.00,0.00,0.00,0.00,0.00,0.00,0.00
harvester2,60,2022-01-10 11:15:09,lo,0.40,0.40,1.06,1.06,0.00,0.00,0.00,0.00
harvester2,60,2022-01-10 11:15:09,eth0,36.73,17.53,34.11,3.42,0.00,0.00,1.08,0.03
harvester2,60,2022-01-10 11:15:09,wlan0,0.00,0.00,0.00,0.00,0.00,0.00,0.00,0.00
harvester2,60,2022-01-10 11:16:09,lo,0.43,0.43,1.02,1.02,0.00,0.00,0.00,0.00
harvester2,60,2022-01-10 11:16:09,eth0,33.87,18.32,31.22,3.42,0.00,0.00,1.05,0.03
harvester2,60,2022-01-10 11:16:09,wlan0,0.00,0.00,0.00,0.00,0.00,0.00,0.00,0.00
harvester2,60,2022-01-10 11:17:09,lo,0.60,0.60,1.26,1.26,0.00,0.00,0.00,0.00
harvester2,60,2022-01-10 11:17:09,eth0,38.32,21.70,36.47,3.68,0.00,0.00,0.97,0.03
harvester2,60,2022-01-10 11:17:09,wlan0,0.00,0.00,0.00,0.00,0.00,0.00,0.00,0.00
harvester2,60,2022-01-10 11:18:09,lo,0.47,0.47,1.18,1.18,0.00,0.00,0.00,0.00
harvester2,60,2022-01-10 11:18:09,eth0,46.68,24.17,45.32,3.71,0.00,0.00,1.08,0.04
harvester2,60,2022-01-10 11:18:09,wlan0,0.00,0.00,0.00,0.00,0.00,0.00,0.00,0.00
harvester2,60,2022-01-10 11:19:09,lo,0.57,0.57,1.50,1.50,0.00,0.00,0.00,0.00
harvester2,60,2022-01-10 11:19:09,eth0,39.65,20.93,38.63,3.65,0.00,0.00,0.98,0.03
harvester2,60,2022-01-10 11:19:09,wlan0,0.00,0.00,0.00,0.00,0.00,0.00,0.00,0.00
harvester2,60,2022-01-10 11:20:09,lo,0.67,0.67,1.63,1.63,0.00,0.00,0.00,0.00
harvester2,60,2022-01-10 11:20:09,eth0,43.68,20.10,44.77,3.72,0.00,0.00,1.08,0.04
harvester2,60,2022-01-10 11:20:09,wlan0,0.00,0.00,0.00,0.00,0.00,0.00,0.00,0.00
harvester2,60,2022-01-10 11:21:09,lo,0.53,0.53,1.42,1.42,0.00,0.00,0.00,0.00
harvester2,60,2022-01-10 11:21:09,eth0,54.30,30.25,57.18,4.16,0.00,0.00,1.08,0.05
harvester2,60,2022-01-10 11:21:09,wlan0,0.00,0.00,0.00,0.00,0.00,0.00,0.00,0.00
harvester2,60,2022-01-10 11:22:09,lo,0.43,0.43,1.22,1.22,0.00,0.00,0.00,0.00
harvester2,60,2022-01-10 11:22:09,eth0,42.24,20.78,41.57,3.63,0.00,0.00,1.02,0.03
harvester2,60,2022-01-10 11:22:09,wlan0,0.00,0.00,0.00,0.00,0.00,0.00,0.00,0.00
harvester2,60,2022-01-10 11:23:09,lo,0.67,0.67,1.71,1.71,0.00,0.00,0.00,0.00
harvester2,60,2022-01-10 11:23:09,eth0,39.95,19.40,39.19,4.22,0.00,0.00,1.07,0.03
harvester2,60,2022-01-10 11:23:09,wlan0,0.00,0.00,0.00,0.00,0.00,0.00,0.00,0.00
harvester2,60,2022-01-10 11:24:09,lo,0.33,0.33,0.97,0.97,0.00,0.00,0.00,0.00
harvester2,60,2022-01-10 11:24:09,eth0,22.48,17.20,12.45,3.41,0.00,0.00,1.08,0.01
harvester2,60,2022-01-10 11:24:09,wlan0,0.00,0.00,0.00,0.00,0.00,0.00,0.00,0.00
harvester2,60,2022-01-10 11:25:09,lo,0.57,0.57,1.42,1.42,0.00,0.00,0.00,0.00
harvester2,60,2022-01-10 11:25:09,eth0,52.15,21.43,56.37,3.65,0.00,0.00,0.98,0.05
harvester2,60,2022-01-10 11:25:09,wlan0,0.00,0.00,0.00,0.00,0.00,0.00,0.00,0.00
harvester2,60,2022-01-10 11:26:09,lo,0.53,0.53,1.69,1.69,0.00,0.00,0.00,0.00
harvester2,60,2022-01-10 11:26:09,eth0,23.05,17.18,11.87,3.45,0.00,0.00,1.05,0.01
harvester2,60,2022-01-10 11:26:09,wlan0,0.00,0.00,0.00,0.00,0.00,0.00,0.00,0.00
harvester2,60,2022-01-10 11:27:09,lo,0.63,0.63,1.75,1.75,0.00,0.00,0.00,0.00
harvester2,60,2022-01-10 11:27:09,eth0,33.58,20.32,26.01,3.62,0.00,0.00,0.98,0.02
harvester2,60,2022-01-10 11:27:09,wlan0,0.00,0.00,0.00,0.00,0.00,0.00,0.00,0.00
harvester2,60,2022-01-10 11:28:09,lo,0.70,0.70,1.93,1.93,0.00,0.00,0.00,0.00
harvester2,60,2022-01-10 11:28:09,eth0,55.45,23.62,57.54,3.92,0.00,0.00,1.08,0.05
harvester2,60,2022-01-10 11:28:09,wlan0,0.00,0.00,0.00,0.00,0.00,0.00,0.00,0.00
harvester2,60,2022-01-10 11:29:09,lo,0.53,0.53,1.55,1.55,0.00,0.00,0.00,0.00
harvester2,60,2022-01-10 11:29:09,eth0,28.18,18.87,19.76,3.59,0.00,0.00,1.08,0.02
harvester2,60,2022-01-10 11:29:09,wlan0,0.00,0.00,0.00,0.00,0.00,0.00,0.00,0.00
harvester2,60,2022-01-10 11:30:09,lo,0.67,0.67,2.02,2.02,0.00,0.00,0.00,0.00
harvester2,60,2022-01-10 11:30:09,eth0,41.52,26.03,35.10,3.98,0.00,0.00,0.95,0.03
harvester2,60,2022-01-10 11:30:09,wlan0,0.00,0.00,0.00,0.00,0.00,0.00,0.00,0.00
harvester2,60,2022-01-10 11:31:09,lo,0.67,0.67,1.85,1.85,0.00,0.00,0.00,0.00
harvester2,60,2022-01-10 11:31:09,eth0,45.17,22.45,43.06,3.81,0.00,0.00,1.07,0.04
harvester2,60,2022-01-10 11:31:09,wlan0,0.00,0.00,0.00,0.00,0.00,0.00,0.00,0.00
harvester2,60,2022-01-10 11:32:09,lo,0.27,0.27,0.53,0.53,0.00,0.00,0.00,0.00
harvester2,60,2022-01-10 11:32:09,eth0,38.98,21.58,36.74,3.61,0.00,0.00,1.05,0.03
harvester2,60,2022-01-10 11:32:09,wlan0,0.00,0.00,0.00,0.00,0.00,0.00,0.00,0.00
harvester2,60,2022-01-10 11:33:09,lo,0.35,0.35,0.48,0.48,0.00,0.00,0.00,0.00
harvester2,60,2022-01-10 11:33:09,eth0,25.82,18.88,18.32,3.47,0.00,0.00,0.97,0.02
harvester2,60,2022-01-10 11:33:09,wlan0,0.00,0.00,0.00,0.00,0.00,0.00,0.00,0.00
harvester2,60,2022-01-10 11:34:09,lo,0.63,0.63,1.86,1.86,0.00,0.00,0.00,0.00
harvester2,60,2022-01-10 11:34:09,eth0,40.40,23.37,32.54,3.76,0.00,0.00,1.10,0.03
harvester2,60,2022-01-10 11:34:09,wlan0,0.00,0.00,0.00,0.00,0.00,0.00,0.00,0.00
harvester2,60,2022-01-10 11:35:09,lo,0.77,0.77,2.28,2.28,0.00,0.00,0.00,0.00
harvester2,60,2022-01-10 11:35:09,eth0,135.00,43.70,170.05,4.98,0.00,0.00,0.98,0.14
harvester2,60,2022-01-10 11:35:09,wlan0,0.00,0.00,0.00,0.00,0.00,0.00,0.00,0.00
harvester2,60,2022-01-10 11:36:09,lo,0.43,0.43,1.35,1.35,0.00,0.00,0.00,0.00
harvester2,60,2022-01-10 11:36:09,eth0,57.97,24.12,65.09,3.70,0.00,0.00,1.10,0.05
harvester2,60,2022-01-10 11:36:09,wlan0,0.00,0.00,0.00,0.00,0.00,0.00,0.00,0.00
harvester2,60,2022-01-10 11:37:09,lo,0.60,0.60,1.80,1.80,0.00,0.00,0.00,0.00
harvester2,60,2022-01-10 11:37:09,eth0,39.25,21.37,32.13,3.70,0.00,0.00,1.08,0.03
harvester2,60,2022-01-10 11:37:09,wlan0,0.00,0.00,0.00,0.00,0.00,0.00,0.00,0.00
harvester2,60,2022-01-10 11:38:09,lo,0.23,0.23,0.95,0.95,0.00,0.00,0.00,0.00
harvester2,60,2022-01-10 11:38:09,eth0,16.65,16.37,2.95,3.33,0.00,0.00,0.97,0.00
harvester2,60,2022-01-10 11:38:09,wlan0,0.00,0.00,0.00,0.00,0.00,0.00,0.00,0.00
harvester2,60,2022-01-10 11:39:09,lo,0.50,0.50,1.56,1.56,0.00,0.00,0.00,0.00
harvester2,60,2022-01-10 11:39:09,eth0,54.28,26.80,57.83,3.93,0.00,0.00,1.07,0.05
harvester2,60,2022-01-10 11:39:09,wlan0,0.00,0.00,0.00,0.00,0.00,0.00,0.00,0.00
harvester2,60,2022-01-10 11:40:09,lo,0.47,0.47,1.39,1.39,0.00,0.00,0.00,0.00
harvester2,60,2022-01-10 11:40:09,eth0,52.00,20.08,54.52,3.69,0.00,0.00,0.98,0.04
harvester2,60,2022-01-10 11:40:09,wlan0,0.00,0.00,0.00,0.00,0.00,0.00,0.00,0.00
harvester2,60,2022-01-10 11:41:09,lo,0.43,0.43,1.24,1.24,0.00,0.00,0.00,0.00
harvester2,60,2022-01-10 11:41:09,eth0,56.97,28.08,56.24,3.97,0.00,0.00,1.07,0.05
harvester2,60,2022-01-10 11:41:09,wlan0,0.00,0.00,0.00,0.00,0.00,0.00,0.00,0.00
harvester2,60,2022-01-10 11:42:09,lo,0.43,0.43,1.01,1.01,0.00,0.00,0.00,0.00
harvester2,60,2022-01-10 11:42:09,eth0,32.22,19.82,28.50,3.54,0.00,0.00,1.07,0.02
harvester2,60,2022-01-10 11:42:09,wlan0,0.00,0.00,0.00,0.00,0.00,0.00,0.00,0.00
harvester2,60,2022-01-10 11:43:09,lo,0.27,0.27,0.63,0.63,0.00,0.00,0.00,0.00
harvester2,60,2022-01-10 11:43:09,eth0,17.85,13.97,8.44,3.17,0.00,0.00,0.98,0.01
harvester2,60,2022-01-10 11:43:09,wlan0,0.00,0.00,0.00,0.00,0.00,0.00,0.00,0.00
harvester2,60,2022-01-10 11:44:09,lo,0.47,0.47,1.39,1.39,0.00,0.00,0.00,0.00
harvester2,60,2022-01-10 11:44:09,eth0,18.07,14.88,8.07,3.27,0.00,0.00,1.10,0.01
harvester2,60,2022-01-10 11:44:09,wlan0,0.00,0.00,0.00,0.00,0.00,0.00,0.00,0.00
harvester2,60,2022-01-10 11:45:09,lo,0.37,0.37,1.14,1.14,0.00,0.00,0.00,0.00
harvester2,60,2022-01-10 11:45:09,eth0,21.33,17.60,10.30,3.38,0.00,0.00,1.12,0.01
harvester2,60,2022-01-10 11:45:09,wlan0,0.00,0.00,0.00,0.00,0.00,0.00,0.00,0.00
harvester2,60,2022-01-10 11:46:09,lo,0.20,0.20,0.59,0.59,0.00,0.00,0.00,0.00
harvester2,60,2022-01-10 11:46:09,eth0,14.45,13.73,2.53,3.17,0.00,0.00,1.12,0.00
harvester2,60,2022-01-10 11:46:09,wlan0,0.00,0.00,0.00,0.00,0.00,0.00,0.00,0.00
harvester2,60,2022-01-10 11:47:09,lo,0.30,0.30,0.67,0.67,0.00,0.00,0.00,0.00
harvester2,60,2022-01-10 11:47:09,eth0,35.62,22.12,26.19,3.60,0.00,0.00,1.20,0.02
harvester2,60,2022-01-10 11:47:09,wlan0,0.00,0.00,0.00,0.00,0.00,0.00,0.00,0.00
harvester2,60,2022-01-10 11:48:09,lo,0.67,0.67,1.61,1.61,0.00,0.00,0.00,0.00
harvester2,60,2022-01-10 11:48:09,eth0,37.87,20.72,32.13,3.67,0.00,0.00,0.98,0.03
harvester2,60,2022-01-10 11:48:09,wlan0,0.00,0.00,0.00,0.00,0.00,0.00,0.00,0.00
harvester2,60,2022-01-10 11:49:09,lo,0.63,0.63,1.92,1.92,0.00,0.00,0.00,0.00
harvester2,60,2022-01-10 11:49:09,eth0,48.55,26.33,42.74,3.92,0.00,0.00,1.10,0.04
harvester2,60,2022-01-10 11:49:09,wlan0,0.00,0.00,0.00,0.00,0.00,0.00,0.00,0.00
harvester2,60,2022-01-10 11:50:09,lo,0.73,0.73,1.94,1.94,0.00,0.00,0.00,0.00
harvester2,60,2022-01-10 11:50:09,eth0,50.17,31.60,47.89,4.32,0.00,0.00,1.15,0.04
harvester2,60,2022-01-10 11:50:09,wlan0,0.00,0.00,0.00,0.00,0.00,0.00,0.00,0.00
